# SMT-verified with the pinned models at 300 CEK steps; solver 10s, wall 25s.
# Module<TAB>proof name. This is a reproducible subset, not all obligations.
AddInteger	additive inverse
AddInteger	boxed successor never wraps at any integer width
AddInteger	commutative
AddInteger	crosses negative signed 64-bit boundary
AddInteger	crosses signed 64-bit boundary
AddInteger	crosses unsigned 128-bit boundary
AddInteger	detects wrong opcode argument order or signedness
AddInteger	left identity
AddInteger	right identity
AddInteger	successor never wraps at any integer width
ConsByteString	byte above 255 rejects in Plutus V3
ConsByteString	negative byte rejects in Plutus V3
DecodeUtf8	invalid UTF8 rejects
DivideInteger	detects wrong opcode argument order or signedness
DivideInteger	division by one
DivideInteger	negative rounding convention
DivideInteger	zero divisor rejects every dividend
EqualsInteger	detects wrong opcode argument order or signedness
EqualsInteger	reflexive
HeadList	empty list rejects
IndexByteString	index above 128 bits rejects without host overflow
IndexByteString	negative index rejects
IntegerToByteString	insufficient width rejects
IntegerToByteString	negative integer rejects
IntegerToByteString	negative width rejects
IntegerToByteString	width above 8192 rejects
LessThanEqualsInteger	detects wrong opcode argument order or signedness
LessThanEqualsInteger	reflexive
LessThanInteger	detects wrong opcode argument order or signedness
LessThanInteger	irreflexive
LessThanInteger	strict successor order at every width
ModInteger	detects wrong opcode argument order or signedness
ModInteger	negative rounding convention
ModInteger	remainder modulo one is zero
ModInteger	zero divisor rejects every dividend
MultiplyInteger	commutative
MultiplyInteger	crosses signed 64-bit boundary
MultiplyInteger	detects wrong opcode argument order or signedness
MultiplyInteger	multiplicative identity
MultiplyInteger	zero annihilates
QuotientInteger	detects wrong opcode argument order or signedness
QuotientInteger	division by one
QuotientInteger	negative rounding convention
QuotientInteger	zero divisor rejects every dividend
ReadBit	index above 128 bits rejects without host overflow
ReadBit	index equal to bit count rejects
ReadBit	negative bit index rejects
RemainderInteger	detects wrong opcode argument order or signedness
RemainderInteger	negative rounding convention
RemainderInteger	remainder modulo one is zero
RemainderInteger	zero divisor rejects every dividend
ReplicateByte	count above 8192 rejects
ReplicateByte	invalid byte rejects
ReplicateByte	negative byte rejects
ReplicateByte	negative count rejects
SubtractInteger	argument order
SubtractInteger	detects wrong opcode argument order or signedness
SubtractInteger	predecessor never wraps at any integer width
SubtractInteger	right identity
SubtractInteger	self subtraction is zero
TailList	empty list rejects
WriteBits	index above 128 bits rejects without host overflow
WriteBits	invalid index rejects
WriteBits	negative index rejects
